id,created_at,answers,duration_ms,question_timings,remark,age_category,is_raad_van_advies,situation
07a73efd-e6c8-4660-8498-82a7ecd9b906,2026-05-28 09:51:28.907385+00,"{""v10-1"":{""value"":""4""},""v10-2"":{""value"":""2""},""v10-3"":{""value"":""4""},""v10-4"":{""value"":""4""},""v10-5"":{""value"":""2""},""v10-6"":{""value"":""3""},""v10-7"":{""value"":""1""},""v10-8"":{""value"":""4""},""v10-9"":{""value"":""5""},""v10-10"":{""value"":""3""},""v10-11"":{""value"":""2""},""v10-12"":{""value"":""4""},""v10-13"":{""value"":""4""},""v10-14"":{""value"":""3""},""v10-15"":{""value"":""1""},""v10-16"":{""value"":""4""},""v10-17"":{""value"":""5""},""v10-18"":{""value"":""5""},""v10-19"":{""value"":""3""},""v10-20"":{""value"":""5""},""v10-21"":{""value"":""2""},""v10-22"":{""value"":""3""},""v10-23"":{""value"":""4""},""v10-24"":{""value"":""2""},""v10-25"":{""value"":""5""},""v10-26"":{""value"":""3""},""v10-27"":{""value"":""3""},""v10-28"":{""value"":""5""},""v10-29"":{""value"":""4""},""v10-30"":{""value"":""4""},""v10-31"":{""value"":""3""},""v10-32"":{""value"":""5""},""v10-33"":{""value"":""2""},""v10-34"":{""value"":""3""},""v10-35"":{""value"":""5""},""v10-36"":{""value"":""5""}}",319161,"{""v10-1"":110687,""v10-2"":12713,""v10-3"":3428,""v10-4"":3763,""v10-5"":8338,""v10-6"":3811,""v10-7"":3578,""v10-8"":7391,""v10-9"":2395,""v10-10"":5258,""v10-11"":7405,""v10-12"":8454,""v10-13"":12829,""v10-14"":6522,""v10-15"":4077,""v10-16"":4476,""v10-17"":23198,""v10-18"":3428,""v10-19"":4027,""v10-20"":5275,""v10-21"":3777,""v10-22"":4343,""v10-23"":5839,""v10-24"":4459,""v10-25"":1549,""v10-26"":13615,""v10-27"":4975,""v10-28"":2679,""v10-29"":2545,""v10-30"":8617,""v10-31"":3776,""v10-32"":2578,""v10-33"":6640,""v10-34"":5123,""v10-35"":3712,""v10-36"":3876}",,Jonger dan 25,false,Ik ga naar school
0f0e6c1c-c504-4a90-8c93-795c4e9a69f3,2026-05-20 20:32:16.176632+00,"{""v10-1"":{""value"":""2""},""v10-2"":{""value"":""3""},""v10-3"":{""value"":""4""},""v10-4"":{""value"":""1""},""v10-5"":{""value"":""5""},""v10-6"":{""value"":""2""},""v10-7"":{""value"":""5""},""v10-8"":{""value"":""4""},""v10-9"":{""value"":""3""},""v10-10"":{""value"":""3""},""v10-11"":{""value"":""3""},""v10-12"":{""value"":""3""},""v10-13"":{""value"":""3""},""v10-14"":{""value"":""2""},""v10-15"":{""value"":""1""},""v10-16"":{""value"":""2""},""v10-17"":{""value"":""2""},""v10-18"":{""value"":""5""},""v10-19"":{""value"":""3""},""v10-20"":{""value"":""5""},""v10-21"":{""value"":""1""},""v10-22"":{""value"":""1""},""v10-23"":{""value"":""5""},""v10-24"":{""value"":""3""},""v10-25"":{""value"":""3""},""v10-26"":{""value"":""3""},""v10-27"":{""value"":""5""},""v10-28"":{""value"":""5""},""v10-29"":{""value"":""5""},""v10-30"":{""value"":""5""},""v10-31"":{""value"":""2""},""v10-32"":{""value"":""4""},""v10-33"":{""value"":""3""},""v10-34"":{""value"":""5""},""v10-35"":{""value"":""2""},""v10-36"":{""value"":""5""}}",344046,"{""v10-1"":18842,""v10-2"":5465,""v10-3"":7422,""v10-4"":13610,""v10-5"":11982,""v10-6"":4728,""v10-7"":50245,""v10-8"":9651,""v10-9"":5035,""v10-10"":4082,""v10-11"":5465,""v10-12"":5195,""v10-13"":13202,""v10-14"":7227,""v10-15"":9345,""v10-16"":7446,""v10-17"":6667,""v10-18"":11197,""v10-19"":4958,""v10-20"":3702,""v10-21"":16160,""v10-22"":5547,""v10-23"":3557,""v10-24"":3079,""v10-25"":4591,""v10-26"":5216,""v10-27"":3580,""v10-28"":13898,""v10-29"":4673,""v10-30"":3833,""v10-31"":7104,""v10-32"":7587,""v10-33"":11553,""v10-34"":16693,""v10-35"":22826,""v10-36"":8679}",,25 tot 35,false,Ik werk en wil misschien eens iets (heel) anders
29b41c77-2669-4808-a011-797ba6433402,2026-05-20 18:11:28.426486+00,"{""v10-1"":{""value"":""2""},""v10-2"":{""value"":""4""},""v10-3"":{""value"":""4""},""v10-4"":{""value"":""3""},""v10-5"":{""value"":""3""},""v10-6"":{""value"":""2""},""v10-7"":{""value"":""2""},""v10-8"":{""value"":""4""},""v10-9"":{""value"":""4""},""v10-10"":{""value"":""4""},""v10-11"":{""value"":""3""},""v10-12"":{""value"":""2""},""v10-13"":{""value"":""4""},""v10-14"":{""value"":""3""},""v10-15"":{""value"":""1""},""v10-16"":{""value"":""3""},""v10-17"":{""value"":""3""},""v10-18"":{""value"":""4""},""v10-19"":{""value"":""2""},""v10-20"":{""value"":""5""},""v10-21"":{""value"":""2""},""v10-22"":{""value"":""1""},""v10-23"":{""value"":""4""},""v10-24"":{""value"":""3""},""v10-25"":{""value"":""5""},""v10-26"":{""value"":""5""},""v10-27"":{""value"":""4""},""v10-28"":{""value"":""4""},""v10-29"":{""value"":""4""},""v10-30"":{""value"":""2""},""v10-31"":{""value"":""1""},""v10-32"":{""value"":""4""},""v10-33"":{""value"":""4""},""v10-34"":{""value"":""4""},""v10-35"":{""value"":""4""},""v10-36"":{""value"":""3""}}",105434,"{""v10-1"":7118,""v10-2"":2066,""v10-3"":2259,""v10-4"":2133,""v10-5"":2536,""v10-6"":3316,""v10-7"":2506,""v10-8"":4141,""v10-9"":2058,""v10-10"":1833,""v10-11"":2932,""v10-12"":4300,""v10-13"":6768,""v10-14"":2726,""v10-15"":2958,""v10-16"":2416,""v10-17"":2892,""v10-18"":3198,""v10-19"":2773,""v10-20"":1585,""v10-21"":1900,""v10-22"":2583,""v10-23"":2015,""v10-24"":2200,""v10-25"":1469,""v10-26"":2315,""v10-27"":2216,""v10-28"":2699,""v10-29"":2782,""v10-30"":2375,""v10-31"":2774,""v10-32"":1511,""v10-33"":7476,""v10-34"":1592,""v10-35"":3997,""v10-36"":3009}",,35 tot 45,false,"Ik begeleid mensen (coach, docent, begeleider)"
2a0945c1-dc54-4438-b4dc-0494568bd7a8,2026-05-20 19:05:27.798801+00,"{""v10-1"":{""value"":""5""},""v10-2"":{""value"":""2""},""v10-3"":{""value"":""4""},""v10-4"":{""value"":""4""},""v10-5"":{""value"":""3""},""v10-6"":{""value"":""3""},""v10-7"":{""value"":""4""},""v10-8"":{""value"":""3""},""v10-9"":{""value"":""4""},""v10-10"":{""value"":""4""},""v10-11"":{""value"":""3""},""v10-12"":{""value"":""3""},""v10-13"":{""value"":""4""},""v10-14"":{""value"":""5""},""v10-15"":{""value"":""3""},""v10-16"":{""value"":""3""},""v10-17"":{""value"":""4""},""v10-18"":{""value"":""5""},""v10-19"":{""value"":""4""},""v10-20"":{""value"":""5""},""v10-21"":{""value"":""4""},""v10-22"":{""value"":""3""},""v10-23"":{""value"":""5""},""v10-24"":{""value"":""3""},""v10-25"":{""value"":""4""},""v10-26"":{""value"":""2""},""v10-27"":{""value"":""3""},""v10-28"":{""value"":""5""},""v10-29"":{""value"":""4""},""v10-30"":{""value"":""3""},""v10-31"":{""value"":""3""},""v10-32"":{""value"":""4""},""v10-33"":{""value"":""4""},""v10-34"":{""value"":""4""},""v10-35"":{""value"":""4""},""v10-36"":{""value"":""4""}}",184190,"{""v10-1"":9727,""v10-2"":6465,""v10-3"":5400,""v10-4"":3375,""v10-5"":5443,""v10-6"":2873,""v10-7"":5219,""v10-8"":8193,""v10-9"":4154,""v10-10"":5942,""v10-11"":5682,""v10-12"":3361,""v10-13"":8712,""v10-14"":6833,""v10-15"":4596,""v10-16"":4318,""v10-17"":4787,""v10-18"":5941,""v10-19"":3398,""v10-20"":2980,""v10-21"":3491,""v10-22"":2629,""v10-23"":5593,""v10-24"":4796,""v10-25"":2851,""v10-26"":7619,""v10-27"":3777,""v10-28"":4306,""v10-29"":5604,""v10-30"":3872,""v10-31"":5765,""v10-32"":2631,""v10-33"":5521,""v10-34"":2184,""v10-35"":11494,""v10-36"":4654}",,25 tot 35,true,Ik werk en wil misschien eens iets (heel) anders
2cf3e081-d78d-4f2e-b37b-53ca170b8d3a,2026-05-28 09:52:21.728183+00,"{""v10-1"":{""value"":""4""},""v10-2"":{""value"":""5""},""v10-3"":{""value"":""4""},""v10-4"":{""value"":""5""},""v10-5"":{""value"":""2""},""v10-6"":{""value"":""2""},""v10-7"":{""value"":""5""},""v10-8"":{""value"":""5""},""v10-9"":{""value"":""2""},""v10-10"":{""value"":""4""},""v10-11"":{""value"":""3""},""v10-12"":{""value"":""5""},""v10-13"":{""value"":""4""},""v10-14"":{""value"":""5""},""v10-15"":{""value"":""5""},""v10-16"":{""value"":""4""},""v10-17"":{""value"":""5""},""v10-18"":{""value"":""5""},""v10-19"":{""value"":""5""},""v10-20"":{""value"":""3""},""v10-21"":{""value"":""5""},""v10-22"":{""value"":""3""},""v10-23"":{""value"":""4""},""v10-24"":{""value"":""5""},""v10-25"":{""value"":""5""},""v10-26"":{""value"":""5""},""v10-27"":{""value"":""5""},""v10-28"":{""value"":""5""},""v10-29"":{""value"":""4""},""v10-30"":{""value"":""2""},""v10-31"":{""value"":""4""},""v10-32"":{""value"":""5""},""v10-33"":{""value"":""5""},""v10-34"":{""value"":""5""},""v10-35"":{""value"":""5""},""v10-36"":{""value"":""5""}}",267264,"{""v10-1"":23010,""v10-2"":3131,""v10-3"":3981,""v10-4"":2621,""v10-5"":9263,""v10-6"":6900,""v10-7"":5932,""v10-8"":8730,""v10-9"":6414,""v10-10"":4194,""v10-11"":10387,""v10-12"":3801,""v10-13"":11377,""v10-14"":14032,""v10-15"":17856,""v10-16"":4335,""v10-17"":7437,""v10-18"":5431,""v10-19"":4637,""v10-20"":3558,""v10-21"":5959,""v10-22"":4299,""v10-23"":5350,""v10-24"":4401,""v10-25"":5411,""v10-26"":19823,""v10-27"":4101,""v10-28"":5520,""v10-29"":3859,""v10-30"":6781,""v10-31"":13973,""v10-32"":2148,""v10-33"":11555,""v10-34"":3139,""v10-35"":10895,""v10-36"":3021}",,Jonger dan 25,false,Ik werk nu niet en wil mij oriënteren
334f02de-b503-423a-8ef8-f4eff12ca493,2026-05-28 09:55:17.147023+00,"{""v10-1"":{""value"":""5""},""v10-2"":{""value"":""1""},""v10-3"":{""value"":""4""},""v10-4"":{""value"":""3""},""v10-5"":{""value"":""3""},""v10-6"":{""value"":""3""},""v10-7"":{""value"":""5""},""v10-8"":{""value"":""3""},""v10-9"":{""value"":""3""},""v10-10"":{""value"":""3""},""v10-11"":{""value"":""3""},""v10-12"":{""value"":""4""},""v10-13"":{""value"":""4""},""v10-14"":{""value"":""2""},""v10-15"":{""value"":""2""},""v10-16"":{""value"":""2""},""v10-17"":{""value"":""5""},""v10-18"":{""value"":""3""},""v10-19"":{""value"":""3""},""v10-20"":{""value"":""3""},""v10-21"":{""value"":""2""},""v10-22"":{""value"":""2""},""v10-23"":{""value"":""3""},""v10-24"":{""value"":""2""},""v10-25"":{""value"":""3""},""v10-26"":{""value"":""3""},""v10-27"":{""value"":""3""},""v10-28"":{""value"":""5""},""v10-29"":{""value"":""3""},""v10-30"":{""value"":""3""},""v10-31"":{""value"":""1""},""v10-32"":{""value"":""5""},""v10-33"":{""value"":""4""},""v10-34"":{""value"":""2""},""v10-35"":{""value"":""2""},""v10-36"":{""value"":""2""}}",224215,"{""v10-1"":14920,""v10-2"":4385,""v10-3"":2999,""v10-4"":2666,""v10-5"":2520,""v10-6"":2847,""v10-7"":3438,""v10-8"":6901,""v10-9"":2936,""v10-10"":5250,""v10-11"":5321,""v10-12"":8732,""v10-13"":11256,""v10-14"":7908,""v10-15"":6268,""v10-16"":4732,""v10-17"":2451,""v10-18"":5782,""v10-19"":2200,""v10-20"":1855,""v10-21"":13999,""v10-22"":5084,""v10-23"":2458,""v10-24"":2030,""v10-25"":1866,""v10-26"":17711,""v10-27"":6266,""v10-28"":2536,""v10-29"":2710,""v10-30"":28616,""v10-31"":5868,""v10-32"":5664,""v10-33"":10350,""v10-34"":2766,""v10-35"":5962,""v10-36"":4959}",,Jonger dan 25,false,Ik werk nu niet en wil mij oriënteren
4ba4223c-f873-46f3-96be-4deb4290dd39,2026-05-20 09:39:38.574141+00,"{""v10-1"":{""value"":""3""},""v10-2"":{""value"":""3""},""v10-3"":{""value"":""5""},""v10-4"":{""value"":""3""},""v10-5"":{""value"":""3""},""v10-6"":{""value"":""3""},""v10-7"":{""value"":""5""},""v10-8"":{""value"":""3""},""v10-9"":{""value"":""3""},""v10-10"":{""value"":""3""},""v10-11"":{""value"":""3""},""v10-12"":{""value"":""3""},""v10-13"":{""value"":""3""},""v10-14"":{""value"":""3""},""v10-15"":{""value"":""3""},""v10-16"":{""value"":""3""},""v10-17"":{""value"":""3""},""v10-18"":{""value"":""3""},""v10-19"":{""value"":""3""},""v10-20"":{""value"":""3""},""v10-21"":{""value"":""3""},""v10-22"":{""value"":""3""},""v10-23"":{""value"":""3""},""v10-24"":{""value"":""3""},""v10-25"":{""value"":""4""},""v10-26"":{""value"":""3""},""v10-27"":{""value"":""3""},""v10-28"":{""value"":""3""},""v10-29"":{""value"":""3""},""v10-30"":{""value"":""3""},""v10-31"":{""value"":""3""},""v10-32"":{""value"":""3""},""v10-33"":{""value"":""3""},""v10-34"":{""value"":""4""},""v10-35"":{""value"":""3""},""v10-36"":{""value"":""3""}}",122564,"{""v10-1"":9141,""v10-2"":917,""v10-3"":4123,""v10-4"":4326,""v10-5"":952,""v10-6"":854,""v10-7"":6152,""v10-8"":7172,""v10-9"":1437,""v10-10"":5166,""v10-11"":9841,""v10-12"":2815,""v10-13"":4633,""v10-14"":10208,""v10-15"":933,""v10-16"":1413,""v10-17"":1236,""v10-18"":5267,""v10-19"":4006,""v10-20"":1717,""v10-21"":1049,""v10-22"":869,""v10-23"":3170,""v10-24"":1918,""v10-25"":2603,""v10-26"":1252,""v10-27"":1181,""v10-28"":7122,""v10-29"":1600,""v10-30"":3917,""v10-31"":983,""v10-32"":1651,""v10-33"":1768,""v10-34"":3116,""v10-35"":6949,""v10-36"":1099}",Nee,Jonger dan 25,false,Ik werk nu niet en wil mij oriënteren
56ebfd00-5dcc-41a1-ba76-6a03e87012d3,2026-05-28 09:55:54.622599+00,"{""v10-1"":{""value"":""4""},""v10-2"":{""value"":""2""},""v10-3"":{""value"":""5""},""v10-4"":{""value"":""3""},""v10-5"":{""value"":""3""},""v10-6"":{""value"":""3""},""v10-7"":{""value"":""5""},""v10-8"":{""value"":""5""},""v10-9"":{""value"":""2""},""v10-10"":{""value"":""3""},""v10-11"":{""value"":""3""},""v10-12"":{""value"":""5""},""v10-13"":{""value"":""4""},""v10-14"":{""value"":""4""},""v10-15"":{""value"":""2""},""v10-16"":{""value"":""3""},""v10-17"":{""value"":""3""},""v10-18"":{""value"":""5""},""v10-19"":{""value"":""3""},""v10-20"":{""value"":""4""},""v10-21"":{""value"":""2""},""v10-22"":{""value"":""4""},""v10-23"":{""value"":""4""},""v10-24"":{""value"":""2""},""v10-25"":{""value"":""4""},""v10-26"":{""value"":""4""},""v10-27"":{""value"":""3""},""v10-28"":{""value"":""5""},""v10-29"":{""value"":""5""},""v10-30"":{""value"":""4""},""v10-31"":{""value"":""4""},""v10-32"":{""value"":""5""},""v10-33"":{""value"":""4""},""v10-34"":{""value"":""4""},""v10-35"":{""value"":""3""},""v10-36"":{""value"":""5""}}",267302,"{""v10-1"":18624,""v10-2"":7294,""v10-3"":7381,""v10-4"":8311,""v10-5"":4470,""v10-6"":4715,""v10-7"":3671,""v10-8"":6886,""v10-9"":9903,""v10-10"":6342,""v10-11"":10758,""v10-12"":4700,""v10-13"":14373,""v10-14"":10393,""v10-15"":5899,""v10-16"":5499,""v10-17"":5313,""v10-18"":6199,""v10-19"":7079,""v10-20"":3438,""v10-21"":4238,""v10-22"":4601,""v10-23"":5783,""v10-24"":5768,""v10-25"":4640,""v10-26"":6743,""v10-27"":7110,""v10-28"":5634,""v10-29"":6861,""v10-30"":8121,""v10-31"":6231,""v10-32"":5130,""v10-33"":16181,""v10-34"":16007,""v10-35"":7400,""v10-36"":5597}",,Jonger dan 25,false,Ik werk nu niet en wil mij oriënteren
632533ad-f3a5-4e50-ab24-fd0c4e30c85c,2026-05-20 19:09:33.696843+00,"{""v10-1"":{""value"":""5""},""v10-2"":{""value"":""2""},""v10-3"":{""value"":""5""},""v10-4"":{""value"":""1""},""v10-5"":{""value"":""1""},""v10-6"":{""value"":""2""},""v10-7"":{""value"":""4""},""v10-8"":{""value"":""5""},""v10-9"":{""value"":""4""},""v10-10"":{""value"":""5""},""v10-11"":{""value"":""3""},""v10-12"":{""value"":""1""},""v10-13"":{""value"":""5""},""v10-14"":{""value"":""5""},""v10-15"":{""value"":""1""},""v10-16"":{""value"":""3""},""v10-17"":{""value"":""1""},""v10-18"":{""value"":""5""},""v10-19"":{""value"":""3""},""v10-20"":{""value"":""5""},""v10-21"":{""value"":""3""},""v10-22"":{""value"":""1""},""v10-23"":{""value"":""5""},""v10-24"":{""value"":""1""},""v10-25"":{""value"":""5""},""v10-26"":{""value"":""3""},""v10-27"":{""value"":""5""},""v10-28"":{""value"":""5""},""v10-29"":{""value"":""5""},""v10-30"":{""value"":""5""},""v10-31"":{""value"":""1""},""v10-32"":{""value"":""5""},""v10-33"":{""value"":""2""},""v10-34"":{""value"":""5""},""v10-35"":{""value"":""2""},""v10-36"":{""value"":""3""}}",224320,"{""v10-1"":15179,""v10-2"":6808,""v10-3"":2397,""v10-4"":9487,""v10-5"":3840,""v10-6"":6068,""v10-7"":11620,""v10-8"":10007,""v10-9"":7298,""v10-10"":2753,""v10-11"":15356,""v10-12"":5105,""v10-13"":4789,""v10-14"":8250,""v10-15"":3765,""v10-16"":4942,""v10-17"":3238,""v10-18"":2931,""v10-19"":9273,""v10-20"":1795,""v10-21"":10336,""v10-22"":2706,""v10-23"":3908,""v10-24"":5018,""v10-25"":3341,""v10-26"":12570,""v10-27"":2256,""v10-28"":3281,""v10-29"":2825,""v10-30"":2699,""v10-31"":3949,""v10-32"":2791,""v10-33"":14395,""v10-34"":2924,""v10-35"":8453,""v10-36"":7963}",,55 of ouder,false,"Ik begeleid mensen (coach, docent, begeleider)"
8b18c803-61fb-452f-8f8d-d3a76f4ba879,2026-05-20 09:28:02.161373+00,"{""v10-1"":{""value"":""5""},""v10-2"":{""value"":""3""},""v10-3"":{""value"":""4""},""v10-4"":{""value"":""2""},""v10-5"":{""value"":""4""},""v10-6"":{""value"":""5""},""v10-7"":{""value"":""5""},""v10-8"":{""value"":""5""},""v10-9"":{""value"":""2""},""v10-10"":{""value"":""2""},""v10-11"":{""value"":""3""},""v10-12"":{""value"":""4""},""v10-13"":{""value"":""4""},""v10-14"":{""value"":""2""},""v10-15"":{""value"":""1""},""v10-16"":{""value"":""2""},""v10-17"":{""value"":""4""},""v10-18"":{""value"":""3""},""v10-19"":{""value"":""3""},""v10-20"":{""value"":""3""},""v10-21"":{""value"":""4""},""v10-22"":{""value"":""3""},""v10-23"":{""value"":""3""},""v10-24"":{""value"":""2""},""v10-25"":{""value"":""4""},""v10-26"":{""value"":""4""},""v10-27"":{""value"":""3""},""v10-28"":{""value"":""1""},""v10-29"":{""value"":""2""},""v10-30"":{""value"":""5""},""v10-31"":{""value"":""4""},""v10-32"":{""value"":""3""},""v10-33"":{""value"":""2""},""v10-34"":{""value"":""5""},""v10-35"":{""value"":""3""},""v10-36"":{""value"":""5""}}",238522,"{""v10-1"":3224,""v10-2"":16180,""v10-3"":5853,""v10-4"":2808,""v10-5"":1059,""v10-6"":3209,""v10-7"":1261,""v10-8"":12309,""v10-9"":14573,""v10-10"":1978,""v10-11"":1210,""v10-12"":3587,""v10-13"":28726,""v10-14"":25883,""v10-15"":1360,""v10-16"":2001,""v10-17"":1566,""v10-18"":1183,""v10-19"":11056,""v10-20"":2365,""v10-21"":2068,""v10-22"":1082,""v10-23"":8200,""v10-24"":1158,""v10-25"":1006,""v10-26"":1134,""v10-27"":1267,""v10-28"":14322,""v10-29"":9565,""v10-30"":2249,""v10-31"":1244,""v10-32"":14912,""v10-33"":1899,""v10-34"":1519,""v10-35"":33606,""v10-36"":1893}",K heb geen vraag,Jonger dan 25,false,Ik werk nu niet en wil mij oriënteren
9f884f48-2456-4444-964c-61340f073911,2026-05-20 19:19:00.85005+00,"{""v10-1"":{""value"":""4""},""v10-2"":{""value"":""4""},""v10-3"":{""value"":""3""},""v10-4"":{""value"":""2""},""v10-5"":{""value"":""2""},""v10-6"":{""value"":""2""},""v10-7"":{""value"":""5""},""v10-8"":{""value"":""2""},""v10-9"":{""value"":""3""},""v10-10"":{""value"":""2""},""v10-11"":{""value"":""3""},""v10-12"":{""value"":""3""},""v10-13"":{""value"":""5""},""v10-14"":{""value"":""2""},""v10-15"":{""value"":""1""},""v10-16"":{""value"":""2""},""v10-17"":{""value"":""3""},""v10-18"":{""value"":""3""},""v10-19"":{""value"":""1""},""v10-20"":{""value"":""4""},""v10-21"":{""value"":""2""},""v10-22"":{""value"":""2""},""v10-23"":{""value"":""4""},""v10-24"":{""value"":""1""},""v10-25"":{""value"":""2""},""v10-26"":{""value"":""2""},""v10-27"":{""value"":""5""},""v10-28"":{""value"":""4""},""v10-29"":{""value"":""2""},""v10-30"":{""value"":""3""},""v10-31"":{""value"":""4""},""v10-32"":{""value"":""3""},""v10-33"":{""value"":""2""},""v10-34"":{""value"":""2""},""v10-35"":{""value"":""2""},""v10-36"":{""value"":""2""}}",768981,"{""v10-1"":17775,""v10-2"":9540,""v10-3"":7043,""v10-4"":5609,""v10-5"":5648,""v10-6"":15727,""v10-7"":5453,""v10-8"":14235,""v10-9"":13268,""v10-10"":4546,""v10-11"":8670,""v10-12"":16688,""v10-13"":8656,""v10-14"":10080,""v10-15"":6195,""v10-16"":5806,""v10-17"":5565,""v10-18"":9630,""v10-19"":6689,""v10-20"":2843,""v10-21"":6420,""v10-22"":6983,""v10-23"":7636,""v10-24"":6248,""v10-25"":3547,""v10-26"":8100,""v10-27"":7447,""v10-28"":9750,""v10-29"":12547,""v10-30"":8663,""v10-31"":11550,""v10-32"":5002,""v10-33"":15098,""v10-34"":8752,""v10-35"":462082,""v10-36"":9487}",Wat voor ervaring nodig is om het werk te kunnen doen. Is wel fijn om dat te weten. Of het moet een werkplek zijn waar geen scholing of ervaring voor nodig is en alle ervaring op de werkplek opgedaan wordt.,25 tot 35,false,Ik werk nu niet en wil mij oriënteren
b9fcf056-e569-45db-a332-847f4a68afe7,2026-05-21 01:31:18.644271+00,"{""v10-1"":{""value"":""3""},""v10-2"":{""value"":""4""},""v10-3"":{""value"":""4""},""v10-4"":{""value"":""3""},""v10-5"":{""value"":""5""},""v10-6"":{""value"":""4""},""v10-7"":{""value"":""3""},""v10-8"":{""value"":""4""},""v10-9"":{""value"":""3""},""v10-10"":{""value"":""3""},""v10-11"":{""value"":""4""},""v10-12"":{""value"":""4""},""v10-13"":{""value"":""4""},""v10-14"":{""value"":""2""},""v10-15"":{""value"":""1""},""v10-16"":{""value"":""3""},""v10-17"":{""value"":""1""},""v10-18"":{""value"":""3""},""v10-19"":{""value"":""3""},""v10-20"":{""value"":""4""},""v10-21"":{""value"":""3""},""v10-22"":{""value"":""3""},""v10-23"":{""value"":""4""},""v10-24"":{""value"":""3""},""v10-25"":{""value"":""2""},""v10-26"":{""value"":""2""},""v10-27"":{""value"":""4""},""v10-28"":{""value"":""5""},""v10-29"":{""value"":""5""},""v10-30"":{""value"":""5""},""v10-31"":{""value"":""4""},""v10-32"":{""value"":""3""},""v10-33"":{""value"":""5""},""v10-34"":{""value"":""3""},""v10-35"":{""value"":""5""},""v10-36"":{""value"":""3""}}",308649,"{""v10-1"":17492,""v10-2"":5567,""v10-3"":2893,""v10-4"":5697,""v10-5"":9066,""v10-6"":4696,""v10-7"":8329,""v10-8"":15865,""v10-9"":5833,""v10-10"":5157,""v10-11"":12345,""v10-12"":6823,""v10-13"":14625,""v10-14"":7060,""v10-15"":8904,""v10-16"":8177,""v10-17"":4760,""v10-18"":7345,""v10-19"":5738,""v10-20"":4482,""v10-21"":39756,""v10-22"":6073,""v10-23"":6591,""v10-24"":5849,""v10-25"":2894,""v10-26"":10080,""v10-27"":4983,""v10-28"":5889,""v10-29"":9635,""v10-30"":3642,""v10-31"":4640,""v10-32"":7486,""v10-33"":10905,""v10-34"":2355,""v10-35"":20296,""v10-36"":6715}",,25 tot 35,false,Ik werk nu niet en wil mij oriënteren
c7656bd8-f227-4c45-b51e-6a65f9b2b68a,2026-05-20 09:20:21.902415+00,"{""v10-1"":{""value"":""4""},""v10-2"":{""value"":""3""},""v10-3"":{""value"":""2""},""v10-4"":{""value"":""3""},""v10-5"":{""value"":""4""},""v10-6"":{""value"":""3""},""v10-7"":{""value"":""5""},""v10-8"":{""value"":""3""},""v10-9"":{""value"":""2""},""v10-10"":{""value"":""4""},""v10-11"":{""value"":""3""},""v10-12"":{""value"":""4""},""v10-13"":{""value"":""5""},""v10-14"":{""value"":""2""},""v10-15"":{""value"":""1""},""v10-16"":{""value"":""4""},""v10-17"":{""value"":""4""},""v10-18"":{""value"":""4""},""v10-19"":{""value"":""3""},""v10-20"":{""value"":""5""},""v10-21"":{""value"":""4""},""v10-22"":{""value"":""3""},""v10-23"":{""value"":""5""},""v10-24"":{""value"":""3""},""v10-25"":{""value"":""4""},""v10-26"":{""value"":""4""},""v10-27"":{""value"":""4""},""v10-28"":{""value"":""4""},""v10-29"":{""value"":""3""},""v10-30"":{""value"":""3""},""v10-31"":{""value"":""3""},""v10-32"":{""value"":""4""},""v10-33"":{""value"":""5""},""v10-34"":{""value"":""4""},""v10-35"":{""value"":""4""},""v10-36"":{""value"":""4""}}",273418,"{""v10-1"":11659,""v10-2"":3454,""v10-3"":5136,""v10-4"":3667,""v10-5"":3333,""v10-6"":3016,""v10-7"":2919,""v10-8"":4836,""v10-9"":2913,""v10-10"":5086,""v10-11"":31939,""v10-12"":3034,""v10-13"":7791,""v10-14"":7840,""v10-15"":5404,""v10-16"":2836,""v10-17"":3065,""v10-18"":6150,""v10-19"":3341,""v10-20"":5481,""v10-21"":4086,""v10-22"":13434,""v10-23"":3837,""v10-24"":2948,""v10-25"":5187,""v10-26"":44482,""v10-27"":5603,""v10-28"":7832,""v10-29"":6400,""v10-30"":3551,""v10-31"":3681,""v10-32"":8322,""v10-33"":6668,""v10-34"":21137,""v10-35"":8440,""v10-36"":4902}",Nee,Jonger dan 25,false,Ik werk nu niet en wil mij oriënteren
d9e817d8-472d-43c6-8d34-b327916851cf,2026-05-28 09:57:55.263055+00,"{""v10-1"":{""value"":""5""},""v10-2"":{""value"":""2""},""v10-3"":{""value"":""4""},""v10-4"":{""value"":""4""},""v10-5"":{""value"":""4""},""v10-6"":{""value"":""5""},""v10-7"":{""value"":""5""},""v10-8"":{""value"":""5""},""v10-9"":{""value"":""4""},""v10-10"":{""value"":""4""},""v10-11"":{""value"":""4""},""v10-12"":{""value"":""5""},""v10-13"":{""value"":""4""},""v10-14"":{""value"":""5""},""v10-15"":{""value"":""4""},""v10-16"":{""value"":""5""},""v10-17"":{""value"":""5""},""v10-18"":{""value"":""4""},""v10-19"":{""value"":""3""},""v10-20"":{""value"":""4""},""v10-21"":{""value"":""4""},""v10-22"":{""value"":""5""},""v10-23"":{""value"":""4""},""v10-24"":{""value"":""4""},""v10-25"":{""value"":""5""},""v10-26"":{""value"":""4""},""v10-27"":{""value"":""5""},""v10-28"":{""value"":""4""},""v10-29"":{""value"":""5""},""v10-30"":{""value"":""5""},""v10-31"":{""value"":""5""},""v10-32"":{""value"":""4""},""v10-33"":{""value"":""4""},""v10-34"":{""value"":""4""},""v10-35"":{""value"":""5""},""v10-36"":{""value"":""5""}}",249226,"{""v10-1"":18550,""v10-2"":13066,""v10-3"":5627,""v10-4"":4792,""v10-5"":7769,""v10-6"":3251,""v10-7"":3483,""v10-8"":4726,""v10-9"":7598,""v10-10"":4343,""v10-11"":6180,""v10-12"":6512,""v10-13"":11310,""v10-14"":7567,""v10-15"":7850,""v10-16"":2423,""v10-17"":3685,""v10-18"":3974,""v10-19"":9557,""v10-20"":4912,""v10-21"":2831,""v10-22"":3924,""v10-23"":6612,""v10-24"":3704,""v10-25"":2968,""v10-26"":4797,""v10-27"":2806,""v10-28"":5245,""v10-29"":6138,""v10-30"":4529,""v10-31"":6916,""v10-32"":2645,""v10-33"":8166,""v10-34"":4659,""v10-35"":44287,""v10-36"":1819}",Heb ik niet,Jonger dan 25,true,Ik werk en wil misschien eens iets (heel) anders
ed263ccc-d13d-444d-8609-f84bbc62387d,2026-05-20 09:25:41.138595+00,"{""v10-1"":{""value"":""4""},""v10-2"":{""value"":""5""},""v10-3"":{""value"":""5""},""v10-4"":{""value"":""5""},""v10-5"":{""value"":""5""},""v10-6"":{""value"":""5""},""v10-7"":{""value"":""5""},""v10-8"":{""value"":""4""},""v10-9"":{""value"":""5""},""v10-10"":{""value"":""5""},""v10-11"":{""value"":""5""},""v10-12"":{""value"":""5""},""v10-13"":{""value"":""5""},""v10-14"":{""value"":""5""},""v10-15"":{""value"":""3""},""v10-16"":{""value"":""5""},""v10-17"":{""value"":""5""},""v10-18"":{""value"":""5""},""v10-19"":{""value"":""5""},""v10-20"":{""value"":""5""},""v10-21"":{""value"":""5""},""v10-22"":{""value"":""5""},""v10-23"":{""value"":""5""},""v10-24"":{""value"":""5""},""v10-25"":{""value"":""5""},""v10-26"":{""value"":""5""},""v10-27"":{""value"":""5""},""v10-28"":{""value"":""5""},""v10-29"":{""value"":""4""},""v10-30"":{""value"":""5""},""v10-31"":{""value"":""5""},""v10-32"":{""value"":""5""},""v10-33"":{""value"":""5""},""v10-34"":{""value"":""5""},""v10-35"":{""value"":""5""},""v10-36"":{""value"":""5""}}",143988,"{""v10-1"":10618,""v10-2"":3279,""v10-3"":2831,""v10-4"":3206,""v10-5"":5276,""v10-6"":1988,""v10-7"":3888,""v10-8"":5964,""v10-9"":2787,""v10-10"":2539,""v10-11"":4189,""v10-12"":4364,""v10-13"":5308,""v10-14"":3820,""v10-15"":4040,""v10-16"":15373,""v10-17"":3072,""v10-18"":4909,""v10-19"":2188,""v10-20"":1992,""v10-21"":4140,""v10-22"":1988,""v10-23"":4355,""v10-24"":1866,""v10-25"":3220,""v10-26"":4594,""v10-27"":3725,""v10-28"":3056,""v10-29"":2938,""v10-30"":2051,""v10-31"":2376,""v10-32"":1493,""v10-33"":6831,""v10-34"":1603,""v10-35"":6296,""v10-36"":1817}",,Jonger dan 25,false,Ik werk nu niet en wil mij oriënteren
f4fe2bb2-bfb9-4ae4-8f0c-382478bbe023,2026-05-20 19:20:29.689989+00,"{""v10-1"":{""value"":""4""},""v10-2"":{""value"":""4""},""v10-3"":{""value"":""4""},""v10-4"":{""value"":""4""},""v10-5"":{""value"":""4""},""v10-6"":{""value"":""5""},""v10-7"":{""value"":""5""},""v10-8"":{""value"":""2""},""v10-9"":{""value"":""4""},""v10-10"":{""value"":""4""},""v10-11"":{""value"":""2""},""v10-12"":{""value"":""4""},""v10-13"":{""value"":""5""},""v10-14"":{""value"":""2""},""v10-15"":{""value"":""1""},""v10-16"":{""value"":""2""},""v10-17"":{""value"":""2""},""v10-18"":{""value"":""3""},""v10-19"":{""value"":""5""},""v10-20"":{""value"":""3""},""v10-21"":{""value"":""3""},""v10-22"":{""value"":""2""},""v10-23"":{""value"":""3""},""v10-24"":{""value"":""3""},""v10-25"":{""value"":""5""},""v10-26"":{""value"":""5""},""v10-27"":{""value"":""5""},""v10-28"":{""value"":""3""},""v10-29"":{""value"":""4""},""v10-30"":{""value"":""5""},""v10-31"":{""value"":""3""},""v10-32"":{""value"":""5""},""v10-33"":{""value"":""4""},""v10-34"":{""value"":""3""},""v10-35"":{""value"":""3""},""v10-36"":{""value"":""2""}}",179302,"{""v10-1"":17891,""v10-2"":4785,""v10-3"":3330,""v10-4"":6173,""v10-5"":4025,""v10-6"":4529,""v10-7"":2504,""v10-8"":5012,""v10-9"":4786,""v10-10"":3609,""v10-11"":6199,""v10-12"":2562,""v10-13"":7528,""v10-14"":9616,""v10-15"":6123,""v10-16"":2917,""v10-17"":5180,""v10-18"":3794,""v10-19"":4114,""v10-20"":3766,""v10-21"":3253,""v10-22"":4246,""v10-23"":5423,""v10-24"":4721,""v10-25"":3000,""v10-26"":5079,""v10-27"":2216,""v10-28"":5216,""v10-29"":7798,""v10-30"":2454,""v10-31"":5189,""v10-32"":2472,""v10-33"":5646,""v10-34"":3145,""v10-35"":7270,""v10-36"":3728}",,25 tot 35,false,Ik werk nu niet en wil mij oriënteren
f8f2d81b-829a-44ca-bc87-ab367e33fa8c,2026-05-20 22:44:24.595127+00,"{""v10-1"":{""value"":""3""},""v10-2"":{""value"":""4""},""v10-3"":{""value"":""3""},""v10-4"":{""value"":""2""},""v10-5"":{""value"":""1""},""v10-6"":{""value"":""3""},""v10-7"":{""value"":""3""},""v10-8"":{""value"":""5""},""v10-9"":{""value"":""4""},""v10-10"":{""value"":""3""},""v10-11"":{""value"":""4""},""v10-12"":{""value"":""2""},""v10-13"":{""value"":""5""},""v10-14"":{""value"":""4""},""v10-15"":{""value"":""1""},""v10-16"":{""value"":""2""},""v10-17"":{""value"":""3""},""v10-18"":{""value"":""4""},""v10-19"":{""value"":""3""},""v10-20"":{""value"":""3""},""v10-21"":{""value"":""4""},""v10-22"":{""value"":""2""},""v10-23"":{""value"":""2""},""v10-24"":{""value"":""2""},""v10-25"":{""value"":""4""},""v10-26"":{""value"":""4""},""v10-27"":{""value"":""3""},""v10-28"":{""value"":""3""},""v10-29"":{""value"":""3""},""v10-30"":{""value"":""3""},""v10-31"":{""value"":""3""},""v10-32"":{""value"":""3""},""v10-33"":{""value"":""2""},""v10-34"":{""value"":""4""},""v10-35"":{""value"":""3""},""v10-36"":{""value"":""2""}}",270333,"{""v10-1"":16688,""v10-2"":4151,""v10-3"":6380,""v10-4"":5445,""v10-5"":12129,""v10-6"":2793,""v10-7"":9599,""v10-8"":5139,""v10-9"":5521,""v10-10"":4938,""v10-11"":8234,""v10-12"":16277,""v10-13"":7692,""v10-14"":8263,""v10-15"":5519,""v10-16"":5859,""v10-17"":3790,""v10-18"":5853,""v10-19"":3741,""v10-20"":3571,""v10-21"":8485,""v10-22"":3975,""v10-23"":11236,""v10-24"":12073,""v10-25"":4527,""v10-26"":5242,""v10-27"":3354,""v10-28"":4691,""v10-29"":4804,""v10-30"":5230,""v10-31"":4595,""v10-32"":4881,""v10-33"":12487,""v10-34"":4256,""v10-35"":32991,""v10-36"":5921}",,55 of ouder,false,Ik werk nu niet en wil mij oriënteren